1,E66W,-7.3
2,E266W,-7.2
3,E266F,-7.1
4,E266Y,-7.1
5,D224F,-7.0
6,E266I,-7.0
7,E66H,-7.0
8,D224M,-7.0
9,H34D,-7.0
10,H34Y,-7.0
11,E66T,-7.0
12,E66N,-6.9
13,E266H,-6.9
14,E266D,-6.9
15,E266M,-6.9
16,H34P,-6.9
17,E266N,-6.9
18,H129E,-6.9
19,E266Q,-6.9
20,D224Q,-6.9
21,E66Y,-6.9
22,D224I,-6.9
23,H129W,-6.9
24,E266K,-6.9
25,E66F,-6.8
26,E66D,-6.8
27,H128Y,-6.8
28,E66I,-6.8
29,E66S,-6.8
30,H129Y,-6.8
31,H129Q,-6.8
32,H129F,-6.8
33,E66P,-6.8
34,E266V,-6.8
35,D224S,-6.8
36,D224C,-6.8
37,D224H,-6.8
38,E266S,-6.8
39,E266P,-6.8
40,W67G,-6.8
41,W67P,-6.8
42,E266T,-6.8
43,E266C,-6.8
44,D224T,-6.8
45,E266A,-6.8
46,D224W,-6.8
47,D224V,-6.8
48,H128L,-6.7
49,H128N,-6.7
50,H128D,-6.7
51,H128W,-6.7
52,H129D,-6.7
53,D224G,-6.7
54,D224E,-6.7
55,H128E,-6.7
56,H129L,-6.7
57,D224N,-6.7
58,D224P,-6.7
59,E66V,-6.7
60,E66Q,-6.7
61,E66L,-6.7
62,E266G,-6.7
63,E66G,-6.7
64,E266L,-6.7
65,E66C,-6.7
66,E66A,-6.7
67,H129I,-6.7
68,D224A,-6.7
69,H34F,-6.7
70,R254A,-6.7
71,H34K,-6.7
72,W67A,-6.7
73,R254Y,-6.7
74,R254W,-6.7
75,R254V,-6.7
76,R254T,-6.7
77,R254S,-6.7
78,H129M,-6.7
79,R254Q,-6.7
80,R254C,-6.7
81,R254N,-6.7
82,R254D,-6.7
83,R254E,-6.7
84,R254F,-6.7
85,R254G,-6.7
86,R254H,-6.7
87,R254P,-6.7
88,R254I,-6.7
89,R254K,-6.7
90,R254L,-6.7
91,H34G,-6.7
92,R254M,-6.7
93,H129N,-6.7
94,W67I,-6.6
95,H129V,-6.6
96,H129P,-6.6
97,H129R,-6.6
98,H129C,-6.6
99,H129A,-6.6
100,H129S,-6.6
101,H128V,-6.6
102,H128T,-6.6
103,W67Q,-6.6
104,H128R,-6.6
105,H128P,-6.6
106,H128C,-6.6
107,H129T,-6.6
108,H128G,-6.6
109,H34Q,-6.6
110,H128A,-6.6
111,W67E,-6.6
112,W67K,-6.6
113,H128F,-6.6
114,H34I,-6.6
115,H129K,-6.6
116,W67L,-6.6
117,H34L,-6.6
118,H34M,-6.6
119,H34N,-6.6
120,D224L,-6.6
121,W67S,-6.5
122,W67N,-6.5
123,W67T,-6.5
124,W67M,-6.5
125,H34V,-6.5
126,H34E,-6.5
127,W67V,-6.5
128,H128M,-6.5
129,H128K,-6.5
130,H128I,-6.5
131,H34C,-6.5
132,H128S,-6.5
133,H128Q,-6.5
134,E66M,-6.5
135,H129G,-6.5
136,H34S,-6.5
137,H34T,-6.5
138,W67H,-6.4
139,H34A,-6.4
140,W67C,-6.3
141,W67D,-6.3
142,W67F,-6.3
143,H34W,-6.1
144,H34R,-6.1
145,D224K,-6.1
146,W67R,-5.8
147,E266R,-5.8
148,D224R,-5.8
149,D224Y,-5.8
150,E66R,-5.8
151,E66K,-5.8
152,W67Y,-5.8
